[
  {
    "label": "(긴급)",
    "message": "현재 동대구역 주변 교통 혼잡이 심해 우회 경로 이용을 권장드립니다.",
    "date": "2025-10-29 09:20"
  },
  {
    "label": "(긴급)",
    "message": "팔달교 부근 접촉사고로 차량 정체가 발생하고 있습니다.",
    "date": "2025-10-29 13:10"
  },
  {
    "label": "(긴급)",
    "message": "도로 결빙 위험 증가로 속도 감속 운행을 요청드립니다.",
    "date": "2025-10-29 07:40"
  },
  {
    "label": "(NEW)",
    "message": "12월 10일(수) 대구 북구청 앞 도로 야간 공사 예정입니다.",
    "date": "2025-10-29 10:10"
  },
  {
    "label": "(NEW)",
    "message": "12월 20일(토) 북구 어린이 축제 행사로 인근 도로 통제가 이루어집니다.",
    "date": "2025-10-29 11:05"
  },
  {
    "label": "(NEW)",
    "message": "교통 안전 설문이 오픈되었습니다. 많은 참여 부탁드립니다.",
    "date": "2025-10-29 09:55"
  },
  {
    "label": "(소식)",
    "message": "신규 안전 캠페인 홍보 영상이 금일 업로드되었습니다.",
    "date": "2025-10-29 08:20"
  },

  {
    "label": "(소식)",
    "message": "배송 시스템 점검이 12월 중 시행될 예정입니다.",
    "date": "2025-10-29 12:30"
  },

  {
    "label": "(소식)",
    "message": "교차로 안전 개선 공사가 다음 주부터 단계적으로 시작됩니다.",
    "date": "2025-10-29 14:00"
  },

  {
    "label": "(소식)",
    "message": "내부 운영 방식이 업데이트되어 홈페이지에서 확인 가능합니다.",
    "date": "2025-10-29 10:45"
  }
]
